item1,item2,distance,similarity
Baeolophus bicolor,Periparus ater,2,-0.7733
Baeolophus bicolor,Poecile atricapillus,2,-0.4028
Periparus ater,Poecile atricapillus,2,-0.2688
Aegolius acadicus,Aegolius funereus,1,0.6831
Aegolius acadicus,Athene cunicularia,2,0.0681
Aegolius acadicus,Athene noctua,2,0.628
Aegolius acadicus,Baeolophus bicolor,3,0.4515
Aegolius acadicus,Baeolophus inornatus,3,-0.1785
Aegolius acadicus,Baeolophus ridgwayi,3,0.3972
Aegolius acadicus,Baeolophus wollweberi,3,0.4195
Aegolius acadicus,Carpodacus erythrinus,3,-0.289
Aegolius acadicus,Coccothraustes coccothraustes,3,-0.8674
Aegolius acadicus,Dendrocoptes medius,3,0.7284
Aegolius acadicus,Fringilla coelebs,3,-0.7613
Aegolius acadicus,Fringilla montifringilla,3,-0.5385
Aegolius acadicus,Glaucidium capense,2,0.5917
Aegolius acadicus,Glaucidium jardinii,2,0.6813
Aegolius acadicus,Glaucidium parkeri,2,0.4588
Aegolius acadicus,Glaucidium passerinum,2,-0.1587
Aegolius acadicus,Glaucidium perlatum,2,0.1503
Aegolius acadicus,Hesperiphona vespertina,3,-0.5138
Aegolius acadicus,Jynx torquilla,3,-0.1709
Aegolius acadicus,Lophophanes cristatus,3,-0.7393
Aegolius acadicus,Melanerpes cruentatus,3,-0.1208
Aegolius acadicus,Ninox connivens,2,0.7519
Aegolius acadicus,Pardaliparus venustulus,3,-0.4961
Aegolius acadicus,Periparus ater,3,-0.4232
Aegolius acadicus,Phylloscopus armandii,3,-0.3203
Aegolius acadicus,Phylloscopus bonelli,3,-0.0187
Aegolius acadicus,Phylloscopus collybita,3,-0.6872
Aegolius acadicus,Phylloscopus humei,3,0.0101
Aegolius acadicus,Phylloscopus inornatus,3,0.1842
Aegolius acadicus,Phylloscopus proregulus,3,0.0343
Aegolius acadicus,Phylloscopus pulcher,3,-0.3363
Aegolius acadicus,Phylloscopus sibilatrix,3,-0.8072
Aegolius acadicus,Phylloscopus trochilus,3,-0.344
Aegolius acadicus,Phylloscopus yunnanensis,3,-0.0275
Aegolius acadicus,Picumnus albosquamatus,3,0.0244
Aegolius acadicus,Picumnus cirratus,3,0.3299
Aegolius acadicus,Picumnus innominatus,3,-0.3224
Aegolius acadicus,Picumnus limae,3,-0.2425
Aegolius acadicus,Picumnus olivaceus,3,-0.3745
Aegolius acadicus,Picumnus temminckii,3,0.2562
Aegolius acadicus,Pinicola enucleator,3,-0.6517
Aegolius acadicus,Poecile atricapillus,3,0.4759
Aegolius acadicus,Poecile carolinensis,3,-0.1141
Aegolius acadicus,Poecile gambeli,3,0.3417
Aegolius acadicus,Pyrrhula pyrrhula,3,-0.5805
Aegolius acadicus,Rhodopechys sanguineus,3,0.3161
Aegolius acadicus,Veniliornis passerinus,3,-0.1423
Aegolius funereus,Athene cunicularia,2,-0.0168
Aegolius funereus,Athene noctua,2,0.6168
Aegolius funereus,Baeolophus bicolor,3,0.6079
Aegolius funereus,Baeolophus inornatus,3,-0.1564
Aegolius funereus,Baeolophus ridgwayi,3,0.5663
Aegolius funereus,Baeolophus wollweberi,3,0.4221
Aegolius funereus,Carpodacus erythrinus,3,-0.2494
Aegolius funereus,Coccothraustes coccothraustes,3,-0.5722
Aegolius funereus,Dendrocoptes medius,3,0.6985
Aegolius funereus,Fringilla coelebs,3,-0.5894
Aegolius funereus,Fringilla montifringilla,3,-0.5612
Aegolius funereus,Glaucidium capense,2,0.5787
Aegolius funereus,Glaucidium jardinii,2,0.1358
Aegolius funereus,Glaucidium parkeri,2,-0.0743
Aegolius funereus,Glaucidium passerinum,2,-0.0552
Aegolius funereus,Glaucidium perlatum,2,0.0325
Aegolius funereus,Hesperiphona vespertina,3,-0.3462
Aegolius funereus,Jynx torquilla,3,-0.685
Aegolius funereus,Lophophanes cristatus,3,-0.4332
Aegolius funereus,Melanerpes cruentatus,3,-0.0738
Aegolius funereus,Ninox connivens,2,0.3703
Aegolius funereus,Pardaliparus venustulus,3,-0.7802
Aegolius funereus,Periparus ater,3,-0.4524
Aegolius funereus,Phylloscopus armandii,3,-0.3974
Aegolius funereus,Phylloscopus bonelli,3,0.0116
Aegolius funereus,Phylloscopus collybita,3,-0.6394
Aegolius funereus,Phylloscopus humei,3,0.1611
Aegolius funereus,Phylloscopus inornatus,3,0.3047
Aegolius funereus,Phylloscopus proregulus,3,-0.1858
Aegolius funereus,Phylloscopus pulcher,3,-0.1615
Aegolius funereus,Phylloscopus sibilatrix,3,-0.5104
Aegolius funereus,Phylloscopus trochilus,3,-0.2738
Aegolius funereus,Phylloscopus yunnanensis,3,0.0347
Aegolius funereus,Picumnus albosquamatus,3,-0.3215
Aegolius funereus,Picumnus cirratus,3,-0.1083
Aegolius funereus,Picumnus innominatus,3,0.1152
Aegolius funereus,Picumnus limae,3,-0.3403
Aegolius funereus,Picumnus olivaceus,3,-0.1361
Aegolius funereus,Picumnus temminckii,3,0.32
Aegolius funereus,Pinicola enucleator,3,-0.3644
Aegolius funereus,Poecile atricapillus,3,0.1174
Aegolius funereus,Poecile carolinensis,3,0.3055
Aegolius funereus,Poecile gambeli,3,0.1668
Aegolius funereus,Pyrrhula pyrrhula,3,0.0264
Aegolius funereus,Rhodopechys sanguineus,3,0.3665
Aegolius funereus,Veniliornis passerinus,3,-0.5378
Athene cunicularia,Athene noctua,1,-0.3242
Athene cunicularia,Baeolophus bicolor,3,0.0095
Athene cunicularia,Baeolophus inornatus,3,-0.2021
Athene cunicularia,Baeolophus ridgwayi,3,-0.0493
Athene cunicularia,Baeolophus wollweberi,3,0.1121
Athene cunicularia,Carpodacus erythrinus,3,0.3225
Athene cunicularia,Coccothraustes coccothraustes,3,-0.0988
Athene cunicularia,Dendrocoptes medius,3,0.2835
Athene cunicularia,Fringilla coelebs,3,-0.0568
Athene cunicularia,Fringilla montifringilla,3,0.0068
Athene cunicularia,Glaucidium capense,2,0.6399
Athene cunicularia,Glaucidium jardinii,2,0.4118
Athene cunicularia,Glaucidium parkeri,2,0.1007
Athene cunicularia,Glaucidium passerinum,2,0.1804
Athene cunicularia,Glaucidium perlatum,2,0.3763
Athene cunicularia,Hesperiphona vespertina,3,-0.3312
Athene cunicularia,Jynx torquilla,3,0.2221
Athene cunicularia,Lophophanes cristatus,3,-0.1746
Athene cunicularia,Melanerpes cruentatus,3,0.8541
Athene cunicularia,Ninox connivens,2,0.4447
Athene cunicularia,Pardaliparus venustulus,3,0.3816
Athene cunicularia,Periparus ater,3,-0.5527
Athene cunicularia,Phylloscopus armandii,3,-0.6723
Athene cunicularia,Phylloscopus bonelli,3,-0.8755
Athene cunicularia,Phylloscopus collybita,3,-0.1252
Athene cunicularia,Phylloscopus humei,3,-0.5981
Athene cunicularia,Phylloscopus inornatus,3,-0.6312
Athene cunicularia,Phylloscopus proregulus,3,-0.4598
Athene cunicularia,Phylloscopus pulcher,3,0.0892
Athene cunicularia,Phylloscopus sibilatrix,3,-0.0909
Athene cunicularia,Phylloscopus trochilus,3,-0.6659
Athene cunicularia,Phylloscopus yunnanensis,3,-0.4089
Athene cunicularia,Picumnus albosquamatus,3,0.6549
Athene cunicularia,Picumnus cirratus,3,0.4907
Athene cunicularia,Picumnus innominatus,3,-0.4035
Athene cunicularia,Picumnus limae,3,-0.0661
Athene cunicularia,Picumnus olivaceus,3,-0.4449
Athene cunicularia,Picumnus temminckii,3,-0.3533
Athene cunicularia,Pinicola enucleator,3,0.147
Athene cunicularia,Poecile atricapillus,3,-0.0361
Athene cunicularia,Poecile carolinensis,3,0.1066
Athene cunicularia,Poecile gambeli,3,-0.4739
Athene cunicularia,Pyrrhula pyrrhula,3,-0.0746
Athene cunicularia,Rhodopechys sanguineus,3,-0.5273
Athene cunicularia,Veniliornis passerinus,3,0.7067
Athene noctua,Baeolophus bicolor,3,0.6055
Athene noctua,Baeolophus inornatus,3,-0.1645
Athene noctua,Baeolophus ridgwayi,3,0.6005
Athene noctua,Baeolophus wollweberi,3,0.2664
Athene noctua,Carpodacus erythrinus,3,-0.0904
Athene noctua,Coccothraustes coccothraustes,3,-0.6045
Athene noctua,Dendrocoptes medius,3,0.53
Athene noctua,Fringilla coelebs,3,-0.5829
Athene noctua,Fringilla montifringilla,3,-0.4703
Athene noctua,Glaucidium capense,2,0.1156
Athene noctua,Glaucidium jardinii,2,0.286
Athene noctua,Glaucidium parkeri,2,0.4074
Athene noctua,Glaucidium passerinum,2,-0.0456
Athene noctua,Glaucidium perlatum,2,-0.0109
Athene noctua,Hesperiphona vespertina,3,-0.2056
Athene noctua,Jynx torquilla,3,-0.5387
Athene noctua,Lophophanes cristatus,3,-0.4638
Athene noctua,Melanerpes cruentatus,3,-0.546
Athene noctua,Ninox connivens,2,0.3684
Athene noctua,Pardaliparus venustulus,3,-0.8543
Athene noctua,Periparus ater,3,-0.2762
Athene noctua,Phylloscopus armandii,3,-0.1117
Athene noctua,Phylloscopus bonelli,3,0.3902
Athene noctua,Phylloscopus collybita,3,-0.4079
Athene noctua,Phylloscopus humei,3,0.2621
Athene noctua,Phylloscopus inornatus,3,0.6595
Athene noctua,Phylloscopus proregulus,3,0.1149
Athene noctua,Phylloscopus pulcher,3,-0.3997
Athene noctua,Phylloscopus sibilatrix,3,-0.6778
Athene noctua,Phylloscopus trochilus,3,0.1203
Athene noctua,Phylloscopus yunnanensis,3,0.0636
Athene noctua,Picumnus albosquamatus,3,-0.5297
Athene noctua,Picumnus cirratus,3,-0.057
Athene noctua,Picumnus innominatus,3,0.4339
Athene noctua,Picumnus limae,3,-0.0847
Athene noctua,Picumnus olivaceus,3,-0.1783
Athene noctua,Picumnus temminckii,3,0.0721
Athene noctua,Pinicola enucleator,3,-0.5783
Athene noctua,Poecile atricapillus,3,0.1085
Athene noctua,Poecile carolinensis,3,-0.0678
Athene noctua,Poecile gambeli,3,0.1706
Athene noctua,Pyrrhula pyrrhula,3,-0.1456
Athene noctua,Rhodopechys sanguineus,3,0.6
Athene noctua,Veniliornis passerinus,3,-0.6001
Baeolophus bicolor,Baeolophus inornatus,1,0.2151
Baeolophus bicolor,Baeolophus ridgwayi,1,0.5318
Baeolophus bicolor,Baeolophus wollweberi,1,0.8246
Baeolophus bicolor,Carpodacus erythrinus,3,-0.3968
Baeolophus bicolor,Coccothraustes coccothraustes,3,-0.6052
Baeolophus bicolor,Dendrocoptes medius,3,0.5629
Baeolophus bicolor,Fringilla coelebs,3,-0.7728
Baeolophus bicolor,Fringilla montifringilla,3,-0.4388
Baeolophus bicolor,Glaucidium capense,3,0.131
Baeolophus bicolor,Glaucidium jardinii,3,0.4257
Baeolophus bicolor,Glaucidium parkeri,3,0.113
Baeolophus bicolor,Glaucidium passerinum,3,-0.1522
Baeolophus bicolor,Glaucidium perlatum,3,0.0486
Baeolophus bicolor,Hesperiphona vespertina,3,-0.4006
Baeolophus bicolor,Jynx torquilla,3,-0.5723
Baeolophus bicolor,Lophophanes cristatus,2,-0.7148
Baeolophus bicolor,Melanerpes cruentatus,3,0.0266
Baeolophus bicolor,Ninox connivens,3,0.3671
Baeolophus bicolor,Pardaliparus venustulus,2,-0.4845
Baeolophus bicolor,Periparus ater,2,-0.754
Baeolophus bicolor,Phylloscopus armandii,3,-0.187
Baeolophus bicolor,Phylloscopus bonelli,3,-0.0521
Baeolophus bicolor,Phylloscopus collybita,3,-0.8011
Baeolophus bicolor,Phylloscopus humei,3,0.3526
Baeolophus bicolor,Phylloscopus inornatus,3,0.2762
Baeolophus bicolor,Phylloscopus proregulus,3,-0.3861
Baeolophus bicolor,Phylloscopus pulcher,3,-0.3205
Baeolophus bicolor,Phylloscopus sibilatrix,3,-0.6841
Baeolophus bicolor,Phylloscopus trochilus,3,-0.3378
Baeolophus bicolor,Phylloscopus yunnanensis,3,-0.3229
Baeolophus bicolor,Picumnus albosquamatus,3,-0.0192
Baeolophus bicolor,Picumnus cirratus,3,0.3073
Baeolophus bicolor,Picumnus innominatus,3,0.2491
Baeolophus bicolor,Picumnus limae,3,-0.067
Baeolophus bicolor,Picumnus olivaceus,3,-0.0648
Baeolophus bicolor,Picumnus temminckii,3,0.2152
Baeolophus bicolor,Pinicola enucleator,3,-0.2005
Baeolophus bicolor,Poecile atricapillus,2,0.3777
Baeolophus bicolor,Poecile carolinensis,2,0.3583
Baeolophus bicolor,Poecile gambeli,2,0.365
Baeolophus bicolor,Pyrrhula pyrrhula,3,0.0782
Baeolophus bicolor,Rhodopechys sanguineus,3,0.7036
Baeolophus bicolor,Veniliornis passerinus,3,-0.2139
Baeolophus inornatus,Baeolophus ridgwayi,1,0.0816
Baeolophus inornatus,Baeolophus wollweberi,1,0.5333
Baeolophus inornatus,Carpodacus erythrinus,3,-0.0631
Baeolophus inornatus,Coccothraustes coccothraustes,3,-0.0277
Baeolophus inornatus,Dendrocoptes medius,3,-0.1785
Baeolophus inornatus,Fringilla coelebs,3,0.026
Baeolophus inornatus,Fringilla montifringilla,3,-0.0489
Baeolophus inornatus,Glaucidium capense,3,-0.3013
Baeolophus inornatus,Glaucidium jardinii,3,-0.1429
Baeolophus inornatus,Glaucidium parkeri,3,-0.2312
Baeolophus inornatus,Glaucidium passerinum,3,-0.2474
Baeolophus inornatus,Glaucidium perlatum,3,-0.1946
Baeolophus inornatus,Hesperiphona vespertina,3,0.0899
Baeolophus inornatus,Jynx torquilla,3,0.0042
Baeolophus inornatus,Lophophanes cristatus,2,-0.2161
Baeolophus inornatus,Melanerpes cruentatus,3,-0.0135
Baeolophus inornatus,Ninox connivens,3,-0.3818
Baeolophus inornatus,Pardaliparus venustulus,2,0.3234
Baeolophus inornatus,Periparus ater,2,-0.1438
Baeolophus inornatus,Phylloscopus armandii,3,0.5441
Baeolophus inornatus,Phylloscopus bonelli,3,0.1923
Baeolophus inornatus,Phylloscopus collybita,3,-0.2069
Baeolophus inornatus,Phylloscopus humei,3,0.3834
Baeolophus inornatus,Phylloscopus inornatus,3,-0.1232
Baeolophus inornatus,Phylloscopus proregulus,3,-0.2358
Baeolophus inornatus,Phylloscopus pulcher,3,-0.2388
Baeolophus inornatus,Phylloscopus sibilatrix,3,-0.1147
Baeolophus inornatus,Phylloscopus trochilus,3,0.1758
Baeolophus inornatus,Phylloscopus yunnanensis,3,0.1605
Baeolophus inornatus,Picumnus albosquamatus,3,-0.1089
Baeolophus inornatus,Picumnus cirratus,3,-0.2035
Baeolophus inornatus,Picumnus innominatus,3,0.1691
Baeolophus inornatus,Picumnus limae,3,-0.306
Baeolophus inornatus,Picumnus olivaceus,3,0.1331
Baeolophus inornatus,Picumnus temminckii,3,0.1091
Baeolophus inornatus,Pinicola enucleator,3,0.2266
Baeolophus inornatus,Poecile atricapillus,2,0.515
Baeolophus inornatus,Poecile carolinensis,2,0.2962
Baeolophus inornatus,Poecile gambeli,2,0.6983
Baeolophus inornatus,Pyrrhula pyrrhula,3,0.2232
Baeolophus inornatus,Rhodopechys sanguineus,3,0.46
Baeolophus inornatus,Veniliornis passerinus,3,-0.027
Baeolophus ridgwayi,Baeolophus wollweberi,1,0.3657
Baeolophus ridgwayi,Carpodacus erythrinus,3,0.1341
Baeolophus ridgwayi,Coccothraustes coccothraustes,3,-0.2382
Baeolophus ridgwayi,Dendrocoptes medius,3,0.2489
Baeolophus ridgwayi,Fringilla coelebs,3,-0.4076
Baeolophus ridgwayi,Fringilla montifringilla,3,-0.3124
Baeolophus ridgwayi,Glaucidium capense,3,0.0904
Baeolophus ridgwayi,Glaucidium jardinii,3,0.2388
Baeolophus ridgwayi,Glaucidium parkeri,3,0.2175
Baeolophus ridgwayi,Glaucidium passerinum,3,-0.0008
Baeolophus ridgwayi,Glaucidium perlatum,3,-0.112
Baeolophus ridgwayi,Hesperiphona vespertina,3,-0.3265
Baeolophus ridgwayi,Jynx torquilla,3,-0.3054
Baeolophus ridgwayi,Lophophanes cristatus,2,-0.3504
Baeolophus ridgwayi,Melanerpes cruentatus,3,-0.2365
Baeolophus ridgwayi,Ninox connivens,3,0.3281
Baeolophus ridgwayi,Pardaliparus venustulus,2,-0.6441
Baeolophus ridgwayi,Periparus ater,2,-0.4239
Baeolophus ridgwayi,Phylloscopus armandii,3,-0.0348
Baeolophus ridgwayi,Phylloscopus bonelli,3,0.1033
Baeolophus ridgwayi,Phylloscopus collybita,3,-0.4521
Baeolophus ridgwayi,Phylloscopus humei,3,-0.0686
Baeolophus ridgwayi,Phylloscopus inornatus,3,0.0463
Baeolophus ridgwayi,Phylloscopus proregulus,3,-0.5706
Baeolophus ridgwayi,Phylloscopus pulcher,3,-0.0787
Baeolophus ridgwayi,Phylloscopus sibilatrix,3,-0.4091
Baeolophus ridgwayi,Phylloscopus trochilus,3,-0.0635
Baeolophus ridgwayi,Phylloscopus yunnanensis,3,0.0057
Baeolophus ridgwayi,Picumnus albosquamatus,3,-0.324
Baeolophus ridgwayi,Picumnus cirratus,3,-0.1775
Baeolophus ridgwayi,Picumnus innominatus,3,0.1407
Baeolophus ridgwayi,Picumnus limae,3,-0.3301
Baeolophus ridgwayi,Picumnus olivaceus,3,-0.1428
Baeolophus ridgwayi,Picumnus temminckii,3,-0.1081
Baeolophus ridgwayi,Pinicola enucleator,3,-0.0933
Baeolophus ridgwayi,Poecile atricapillus,2,-0.1216
Baeolophus ridgwayi,Poecile carolinensis,2,-0.1028
Baeolophus ridgwayi,Poecile gambeli,2,-0.0006
Baeolophus ridgwayi,Pyrrhula pyrrhula,3,0.1866
Baeolophus ridgwayi,Rhodopechys sanguineus,3,0.3936
Baeolophus ridgwayi,Veniliornis passerinus,3,-0.2603
Baeolophus wollweberi,Carpodacus erythrinus,3,-0.4241
Baeolophus wollweberi,Coccothraustes coccothraustes,3,-0.5641
Baeolophus wollweberi,Dendrocoptes medius,3,0.4075
Baeolophus wollweberi,Fringilla coelebs,3,-0.6619
Baeolophus wollweberi,Fringilla montifringilla,3,-0.4251
Baeolophus wollweberi,Glaucidium capense,3,0.1266
Baeolophus wollweberi,Glaucidium jardinii,3,0.4708
Baeolophus wollweberi,Glaucidium parkeri,3,-0.0053
Baeolophus wollweberi,Glaucidium passerinum,3,-0.4578
Baeolophus wollweberi,Glaucidium perlatum,3,-0.1675
Baeolophus wollweberi,Hesperiphona vespertina,3,-0.4137
Baeolophus wollweberi,Jynx torquilla,3,-0.3205
Baeolophus wollweberi,Lophophanes cristatus,2,-0.7782
Baeolophus wollweberi,Melanerpes cruentatus,3,0.2528
Baeolophus wollweberi,Ninox connivens,3,0.3482
Baeolophus wollweberi,Pardaliparus venustulus,2,-0.0774
Baeolophus wollweberi,Periparus ater,2,-0.6895
Baeolophus wollweberi,Phylloscopus armandii,3,0.0163
Baeolophus wollweberi,Phylloscopus bonelli,3,-0.0693
Baeolophus wollweberi,Phylloscopus collybita,3,-0.816
Baeolophus wollweberi,Phylloscopus humei,3,0.3385
Baeolophus wollweberi,Phylloscopus inornatus,3,0.0002
Baeolophus wollweberi,Phylloscopus proregulus,3,-0.3652
Baeolophus wollweberi,Phylloscopus pulcher,3,-0.244
Baeolophus wollweberi,Phylloscopus sibilatrix,3,-0.5851
Baeolophus wollweberi,Phylloscopus trochilus,3,-0.4398
Baeolophus wollweberi,Phylloscopus yunnanensis,3,-0.1764
Baeolophus wollweberi,Picumnus albosquamatus,3,0.2517
Baeolophus wollweberi,Picumnus cirratus,3,0.3475
Baeolophus wollweberi,Picumnus innominatus,3,-0.1015
Baeolophus wollweberi,Picumnus limae,3,-0.2131
Baeolophus wollweberi,Picumnus olivaceus,3,-0.0294
Baeolophus wollweberi,Picumnus temminckii,3,0.2901
Baeolophus wollweberi,Pinicola enucleator,3,-0.1979
Baeolophus wollweberi,Poecile atricapillus,2,0.5941
Baeolophus wollweberi,Poecile carolinensis,2,0.2525
Baeolophus wollweberi,Poecile gambeli,2,0.6187
Baeolophus wollweberi,Pyrrhula pyrrhula,3,-0.1055
Baeolophus wollweberi,Rhodopechys sanguineus,3,0.679
Baeolophus wollweberi,Veniliornis passerinus,3,0.0741
Carpodacus erythrinus,Coccothraustes coccothraustes,2,0.3294
Carpodacus erythrinus,Dendrocoptes medius,3,-0.2386
Carpodacus erythrinus,Fringilla coelebs,2,0.5377
Carpodacus erythrinus,Fringilla montifringilla,2,0.4614
Carpodacus erythrinus,Glaucidium capense,3,0.1866
Carpodacus erythrinus,Glaucidium jardinii,3,-0.172
Carpodacus erythrinus,Glaucidium parkeri,3,0.2561
Carpodacus erythrinus,Glaucidium passerinum,3,0.3933
Carpodacus erythrinus,Glaucidium perlatum,3,0.0472
Carpodacus erythrinus,Hesperiphona vespertina,2,0.1698
Carpodacus erythrinus,Jynx torquilla,3,0.0536
Carpodacus erythrinus,Lophophanes cristatus,3,0.4764
Carpodacus erythrinus,Melanerpes cruentatus,3,0.012
Carpodacus erythrinus,Ninox connivens,3,-0.0116
Carpodacus erythrinus,Pardaliparus venustulus,3,0.0761
Carpodacus erythrinus,Periparus ater,3,0.1111
Carpodacus erythrinus,Phylloscopus armandii,3,-0.2021
Carpodacus erythrinus,Phylloscopus bonelli,3,-0.217
Carpodacus erythrinus,Phylloscopus collybita,3,0.5574
Carpodacus erythrinus,Phylloscopus humei,3,-0.6434
Carpodacus erythrinus,Phylloscopus inornatus,3,-0.2618
Carpodacus erythrinus,Phylloscopus proregulus,3,-0.0533
Carpodacus erythrinus,Phylloscopus pulcher,3,-0.1655
Carpodacus erythrinus,Phylloscopus sibilatrix,3,0.1339
Carpodacus erythrinus,Phylloscopus trochilus,3,0.1713
Carpodacus erythrinus,Phylloscopus yunnanensis,3,-0.1222
Carpodacus erythrinus,Picumnus albosquamatus,3,-0.211
Carpodacus erythrinus,Picumnus cirratus,3,-0.1959
Carpodacus erythrinus,Picumnus innominatus,3,0.179
Carpodacus erythrinus,Picumnus limae,3,0.1611
Carpodacus erythrinus,Picumnus olivaceus,3,-0.4813
Carpodacus erythrinus,Picumnus temminckii,3,-0.782
Carpodacus erythrinus,Pinicola enucleator,2,0.2278
Carpodacus erythrinus,Poecile atricapillus,3,-0.3653
Carpodacus erythrinus,Poecile carolinensis,3,-0.2179
Carpodacus erythrinus,Poecile gambeli,3,-0.5489
Carpodacus erythrinus,Pyrrhula pyrrhula,2,0.3251
Carpodacus erythrinus,Rhodopechys sanguineus,2,-0.5145
Carpodacus erythrinus,Veniliornis passerinus,3,0.1433
Coccothraustes coccothraustes,Dendrocoptes medius,3,-0.8794
Coccothraustes coccothraustes,Fringilla coelebs,2,0.7268
Coccothraustes coccothraustes,Fringilla montifringilla,2,0.4695
Coccothraustes coccothraustes,Glaucidium capense,3,-0.5343
Coccothraustes coccothraustes,Glaucidium jardinii,3,-0.6832
Coccothraustes coccothraustes,Glaucidium parkeri,3,-0.3418
Coccothraustes coccothraustes,Glaucidium passerinum,3,0.2327
Coccothraustes coccothraustes,Glaucidium perlatum,3,-0.2758
Coccothraustes coccothraustes,Hesperiphona vespertina,2,0.2504
Coccothraustes coccothraustes,Jynx torquilla,3,0.1719
Coccothraustes coccothraustes,Lophophanes cristatus,3,0.8546
Coccothraustes coccothraustes,Melanerpes cruentatus,3,0.0037
Coccothraustes coccothraustes,Ninox connivens,3,-0.6793
Coccothraustes coccothraustes,Pardaliparus venustulus,3,0.3427
Coccothraustes coccothraustes,Periparus ater,3,0.6117
Coccothraustes coccothraustes,Phylloscopus armandii,3,0.391
Coccothraustes coccothraustes,Phylloscopus bonelli,3,0.1305
Coccothraustes coccothraustes,Phylloscopus collybita,3,0.7704
Coccothraustes coccothraustes,Phylloscopus humei,3,-0.0573
Coccothraustes coccothraustes,Phylloscopus inornatus,3,-0.1245
Coccothraustes coccothraustes,Phylloscopus proregulus,3,-0.0551
Coccothraustes coccothraustes,Phylloscopus pulcher,3,0.5925
Coccothraustes coccothraustes,Phylloscopus sibilatrix,3,0.921
Coccothraustes coccothraustes,Phylloscopus trochilus,3,0.3269
Coccothraustes coccothraustes,Phylloscopus yunnanensis,3,0.0539
Coccothraustes coccothraustes,Picumnus albosquamatus,3,-0.0411
Coccothraustes coccothraustes,Picumnus cirratus,3,-0.4689
Coccothraustes coccothraustes,Picumnus innominatus,3,0.1181
Coccothraustes coccothraustes,Picumnus limae,3,0.2799
Coccothraustes coccothraustes,Picumnus olivaceus,3,0.4918
Coccothraustes coccothraustes,Picumnus temminckii,3,-0.2327
Coccothraustes coccothraustes,Pinicola enucleator,2,0.4382
Coccothraustes coccothraustes,Poecile atricapillus,3,-0.726
Coccothraustes coccothraustes,Poecile carolinensis,3,-0.1781
Coccothraustes coccothraustes,Poecile gambeli,3,-0.4746
Coccothraustes coccothraustes,Pyrrhula pyrrhula,2,0.4386
Coccothraustes coccothraustes,Rhodopechys sanguineus,2,-0.4978
Coccothraustes coccothraustes,Veniliornis passerinus,3,0.1151
Dendrocoptes medius,Fringilla coelebs,3,-0.5611
Dendrocoptes medius,Fringilla montifringilla,3,-0.4248
Dendrocoptes medius,Glaucidium capense,3,0.7011
Dendrocoptes medius,Glaucidium jardinii,3,0.4845
Dendrocoptes medius,Glaucidium parkeri,3,0.0729
Dendrocoptes medius,Glaucidium passerinum,3,-0.1183
Dendrocoptes medius,Glaucidium perlatum,3,0.3741
Dendrocoptes medius,Hesperiphona vespertina,3,-0.1042
Dendrocoptes medius,Jynx torquilla,2,-0.2792
Dendrocoptes medius,Lophophanes cristatus,3,-0.6714
Dendrocoptes medius,Melanerpes cruentatus,2,0.1821
Dendrocoptes medius,Ninox connivens,3,0.6127
Dendrocoptes medius,Pardaliparus venustulus,3,-0.4152
Dendrocoptes medius,Periparus ater,3,-0.6693
Dendrocoptes medius,Phylloscopus armandii,3,-0.6529
Dendrocoptes medius,Phylloscopus bonelli,3,-0.3229
Dendrocoptes medius,Phylloscopus collybita,3,-0.6961
Dendrocoptes medius,Phylloscopus humei,3,-0.1102
Dendrocoptes medius,Phylloscopus inornatus,3,0.0141
Dendrocoptes medius,Phylloscopus proregulus,3,-0.0658
Dendrocoptes medius,Phylloscopus pulcher,3,-0.5055
Dendrocoptes medius,Phylloscopus sibilatrix,3,-0.7551
Dendrocoptes medius,Phylloscopus trochilus,3,-0.354
Dendrocoptes medius,Phylloscopus yunnanensis,3,-0.0484
Dendrocoptes medius,Picumnus albosquamatus,2,-0.0139
Dendrocoptes medius,Picumnus cirratus,2,0.3641
Dendrocoptes medius,Picumnus innominatus,2,-0.0027
Dendrocoptes medius,Picumnus limae,2,-0.3934
Dendrocoptes medius,Picumnus olivaceus,2,-0.5544
Dendrocoptes medius,Picumnus temminckii,2,0.1438
Dendrocoptes medius,Pinicola enucleator,3,-0.2126
Dendrocoptes medius,Poecile atricapillus,3,0.4918
Dendrocoptes medius,Poecile carolinensis,3,0.3937
Dendrocoptes medius,Poecile gambeli,3,0.1788
Dendrocoptes medius,Pyrrhula pyrrhula,3,-0.2047
Dendrocoptes medius,Rhodopechys sanguineus,3,0.3177
Dendrocoptes medius,Veniliornis passerinus,2,-0.1707
Fringilla coelebs,Fringilla montifringilla,1,0.6858
Fringilla coelebs,Glaucidium capense,3,-0.2801
Fringilla coelebs,Glaucidium jardinii,3,-0.671
Fringilla coelebs,Glaucidium parkeri,3,-0.3669
Fringilla coelebs,Glaucidium passerinum,3,0.0403
Fringilla coelebs,Glaucidium perlatum,3,-0.2672
Fringilla coelebs,Hesperiphona vespertina,2,0.705
Fringilla coelebs,Jynx torquilla,3,0.2793
Fringilla coelebs,Lophophanes cristatus,3,0.8504
Fringilla coelebs,Melanerpes cruentatus,3,-0.0291
Fringilla coelebs,Ninox connivens,3,-0.5487
Fringilla coelebs,Pardaliparus venustulus,3,0.425
Fringilla coelebs,Periparus ater,3,0.6611
Fringilla coelebs,Phylloscopus armandii,3,0.2522
Fringilla coelebs,Phylloscopus bonelli,3,0.0956
Fringilla coelebs,Phylloscopus collybita,3,0.8523
Fringilla coelebs,Phylloscopus humei,3,-0.3533
Fringilla coelebs,Phylloscopus inornatus,3,-0.2822
Fringilla coelebs,Phylloscopus proregulus,3,0.2841
Fringilla coelebs,Phylloscopus pulcher,3,0.1066
Fringilla coelebs,Phylloscopus sibilatrix,3,0.7272
Fringilla coelebs,Phylloscopus trochilus,3,0.5644
Fringilla coelebs,Phylloscopus yunnanensis,3,0.2238
Fringilla coelebs,Picumnus albosquamatus,3,-0.1897
Fringilla coelebs,Picumnus cirratus,3,-0.4106
Fringilla coelebs,Picumnus innominatus,3,0.1362
Fringilla coelebs,Picumnus limae,3,0.0759
Fringilla coelebs,Picumnus olivaceus,3,-0.0272
Fringilla coelebs,Picumnus temminckii,3,-0.4899
Fringilla coelebs,Pinicola enucleator,2,0.5531
Fringilla coelebs,Poecile atricapillus,3,-0.3863
Fringilla coelebs,Poecile carolinensis,3,-0.1204
Fringilla coelebs,Poecile gambeli,3,-0.3314
Fringilla coelebs,Pyrrhula pyrrhula,2,0.3191
Fringilla coelebs,Rhodopechys sanguineus,2,-0.5133
Fringilla coelebs,Veniliornis passerinus,3,0.0771
Fringilla montifringilla,Glaucidium capense,3,-0.2164
Fringilla montifringilla,Glaucidium jardinii,3,-0.1906
Fringilla montifringilla,Glaucidium parkeri,3,0.0555
Fringilla montifringilla,Glaucidium passerinum,3,0.2021
Fringilla montifringilla,Glaucidium perlatum,3,-0.0983
Fringilla montifringilla,Hesperiphona vespertina,2,0.4175
Fringilla montifringilla,Jynx torquilla,3,0.2312
Fringilla montifringilla,Lophophanes cristatus,3,0.6322
Fringilla montifringilla,Melanerpes cruentatus,3,-0.0773
Fringilla montifringilla,Ninox connivens,3,-0.1009
Fringilla montifringilla,Pardaliparus venustulus,3,0.3701
Fringilla montifringilla,Periparus ater,3,0.3967
Fringilla montifringilla,Phylloscopus armandii,3,0.1014
Fringilla montifringilla,Phylloscopus bonelli,3,-0.1213
Fringilla montifringilla,Phylloscopus collybita,3,0.5927
Fringilla montifringilla,Phylloscopus humei,3,-0.5501
Fringilla montifringilla,Phylloscopus inornatus,3,-0.3486
Fringilla montifringilla,Phylloscopus proregulus,3,0.1928
Fringilla montifringilla,Phylloscopus pulcher,3,-0.2656
Fringilla montifringilla,Phylloscopus sibilatrix,3,0.3146
Fringilla montifringilla,Phylloscopus trochilus,3,0.3754
Fringilla montifringilla,Phylloscopus yunnanensis,3,-0.4339
Fringilla montifringilla,Picumnus albosquamatus,3,0.0749
Fringilla montifringilla,Picumnus cirratus,3,0.1816
Fringilla montifringilla,Picumnus innominatus,3,-0.0718
Fringilla montifringilla,Picumnus limae,3,0.5613
Fringilla montifringilla,Picumnus olivaceus,3,-0.3553
Fringilla montifringilla,Picumnus temminckii,3,-0.673
Fringilla montifringilla,Pinicola enucleator,2,0.6009
Fringilla montifringilla,Poecile atricapillus,3,-0.0739
Fringilla montifringilla,Poecile carolinensis,3,-0.1676
Fringilla montifringilla,Poecile gambeli,3,-0.2426
Fringilla montifringilla,Pyrrhula pyrrhula,2,0.2414
Fringilla montifringilla,Rhodopechys sanguineus,2,-0.4701
Fringilla montifringilla,Veniliornis passerinus,3,0.285
Glaucidium capense,Glaucidium jardinii,1,0.3516
Glaucidium capense,Glaucidium parkeri,1,0.1317
Glaucidium capense,Glaucidium passerinum,1,0.176
Glaucidium capense,Glaucidium perlatum,1,0.3888
Glaucidium capense,Hesperiphona vespertina,3,-0.3301
Glaucidium capense,Jynx torquilla,3,-0.1899
Glaucidium capense,Lophophanes cristatus,3,-0.2959
Glaucidium capense,Melanerpes cruentatus,3,0.4285
Glaucidium capense,Ninox connivens,2,0.5774
Glaucidium capense,Pardaliparus venustulus,3,-0.1746
Glaucidium capense,Periparus ater,3,-0.479
Glaucidium capense,Phylloscopus armandii,3,-0.7768
Glaucidium capense,Phylloscopus bonelli,3,-0.5963
Glaucidium capense,Phylloscopus collybita,3,-0.3409
Glaucidium capense,Phylloscopus humei,3,-0.4413
Glaucidium capense,Phylloscopus inornatus,3,-0.246
Glaucidium capense,Phylloscopus proregulus,3,-0.1266
Glaucidium capense,Phylloscopus pulcher,3,-0.2432
Glaucidium capense,Phylloscopus sibilatrix,3,-0.4481
Glaucidium capense,Phylloscopus trochilus,3,-0.5148
Glaucidium capense,Phylloscopus yunnanensis,3,-0.2155
Glaucidium capense,Picumnus albosquamatus,3,0.1652
Glaucidium capense,Picumnus cirratus,3,0.2776
Glaucidium capense,Picumnus innominatus,3,-0.2899
Glaucidium capense,Picumnus limae,3,-0.2132
Glaucidium capense,Picumnus olivaceus,3,-0.6083
Glaucidium capense,Picumnus temminckii,3,-0.1
Glaucidium capense,Pinicola enucleator,3,-0.1973
Glaucidium capense,Poecile atricapillus,3,0.2118
Glaucidium capense,Poecile carolinensis,3,0.2275
Glaucidium capense,Poecile gambeli,3,-0.1605
Glaucidium capense,Pyrrhula pyrrhula,3,-0.1839
Glaucidium capense,Rhodopechys sanguineus,3,-0.3175
Glaucidium capense,Veniliornis passerinus,3,0.1
Glaucidium jardinii,Glaucidium parkeri,1,0.6745
Glaucidium jardinii,Glaucidium passerinum,1,-0.1619
Glaucidium jardinii,Glaucidium perlatum,1,0.2312
Glaucidium jardinii,Hesperiphona vespertina,3,-0.5201
Glaucidium jardinii,Jynx torquilla,3,0.2706
Glaucidium jardinii,Lophophanes cristatus,3,-0.7724
Glaucidium jardinii,Melanerpes cruentatus,3,0.2301
Glaucidium jardinii,Ninox connivens,2,0.8912
Glaucidium jardinii,Pardaliparus venustulus,3,0.0111
Glaucidium jardinii,Periparus ater,3,-0.5883
Glaucidium jardinii,Phylloscopus armandii,3,-0.349
Glaucidium jardinii,Phylloscopus bonelli,3,-0.3906
Glaucidium jardinii,Phylloscopus collybita,3,-0.5978
Glaucidium jardinii,Phylloscopus humei,3,-0.2791
Glaucidium jardinii,Phylloscopus inornatus,3,-0.2333
Glaucidium jardinii,Phylloscopus proregulus,3,-0.1906
Glaucidium jardinii,Phylloscopus pulcher,3,-0.2618
Glaucidium jardinii,Phylloscopus sibilatrix,3,-0.7111
Glaucidium jardinii,Phylloscopus trochilus,3,-0.5634
Glaucidium jardinii,Phylloscopus yunnanensis,3,-0.4027
Glaucidium jardinii,Picumnus albosquamatus,3,0.579
Glaucidium jardinii,Picumnus cirratus,3,0.8281
Glaucidium jardinii,Picumnus innominatus,3,-0.552
Glaucidium jardinii,Picumnus limae,3,0.057
Glaucidium jardinii,Picumnus olivaceus,3,-0.4578
Glaucidium jardinii,Picumnus temminckii,3,-0.0559
Glaucidium jardinii,Pinicola enucleator,3,-0.3352
Glaucidium jardinii,Poecile atricapillus,3,0.4678
Glaucidium jardinii,Poecile carolinensis,3,-0.2878
Glaucidium jardinii,Poecile gambeli,3,0.1265
Glaucidium jardinii,Pyrrhula pyrrhula,3,-0.5954
Glaucidium jardinii,Rhodopechys sanguineus,3,0.1461
Glaucidium jardinii,Veniliornis passerinus,3,0.5178
Glaucidium parkeri,Glaucidium passerinum,1,0.1874
Glaucidium parkeri,Glaucidium perlatum,1,0.1257
Glaucidium parkeri,Hesperiphona vespertina,3,-0.4406
Glaucidium parkeri,Jynx torquilla,3,0.1647
Glaucidium parkeri,Lophophanes cristatus,3,-0.3037
Glaucidium parkeri,Melanerpes cruentatus,3,-0.3016
Glaucidium parkeri,Ninox connivens,2,0.5872
Glaucidium parkeri,Pardaliparus venustulus,3,-0.1819
Glaucidium parkeri,Periparus ater,3,-0.1019
Glaucidium parkeri,Phylloscopus armandii,3,-0.082
Glaucidium parkeri,Phylloscopus bonelli,3,-0.0503
Glaucidium parkeri,Phylloscopus collybita,3,-0.0239
Glaucidium parkeri,Phylloscopus humei,3,-0.2365
Glaucidium parkeri,Phylloscopus inornatus,3,0.1349
Glaucidium parkeri,Phylloscopus proregulus,3,0.0881
Glaucidium parkeri,Phylloscopus pulcher,3,-0.2452
Glaucidium parkeri,Phylloscopus sibilatrix,3,-0.514
Glaucidium parkeri,Phylloscopus trochilus,3,-0.0654
Glaucidium parkeri,Phylloscopus yunnanensis,3,-0.4244
Glaucidium parkeri,Picumnus albosquamatus,3,0.1167
Glaucidium parkeri,Picumnus cirratus,3,0.457
Glaucidium parkeri,Picumnus innominatus,3,-0.1797
Glaucidium parkeri,Picumnus limae,3,0.4051
Glaucidium parkeri,Picumnus olivaceus,3,-0.3667
Glaucidium parkeri,Picumnus temminckii,3,-0.394
Glaucidium parkeri,Pinicola enucleator,3,-0.4554
Glaucidium parkeri,Poecile atricapillus,3,0.1178
Glaucidium parkeri,Poecile carolinensis,3,-0.5963
Glaucidium parkeri,Poecile gambeli,3,-0.0762
Glaucidium parkeri,Pyrrhula pyrrhula,3,-0.5017
Glaucidium parkeri,Rhodopechys sanguineus,3,-0.0938
Glaucidium parkeri,Veniliornis passerinus,3,0.2423
Glaucidium passerinum,Glaucidium perlatum,1,0.716
Glaucidium passerinum,Hesperiphona vespertina,3,-0.2428
Glaucidium passerinum,Jynx torquilla,3,-0.0915
Glaucidium passerinum,Lophophanes cristatus,3,0.3582
Glaucidium passerinum,Melanerpes cruentatus,3,-0.0388
Glaucidium passerinum,Ninox connivens,2,-0.1649
Glaucidium passerinum,Pardaliparus venustulus,3,-0.0937
Glaucidium passerinum,Periparus ater,3,-0.0562
Glaucidium passerinum,Phylloscopus armandii,3,-0.3335
Glaucidium passerinum,Phylloscopus bonelli,3,-0.3477
Glaucidium passerinum,Phylloscopus collybita,3,0.2406
Glaucidium passerinum,Phylloscopus humei,3,-0.2194
Glaucidium passerinum,Phylloscopus inornatus,3,0.0075
Glaucidium passerinum,Phylloscopus proregulus,3,-0.2707
Glaucidium passerinum,Phylloscopus pulcher,3,-0.0454
Glaucidium passerinum,Phylloscopus sibilatrix,3,0.0332
Glaucidium passerinum,Phylloscopus trochilus,3,-0.0443
Glaucidium passerinum,Phylloscopus yunnanensis,3,-0.4423
Glaucidium passerinum,Picumnus albosquamatus,3,-0.1484
Glaucidium passerinum,Picumnus cirratus,3,-0.0799
Glaucidium passerinum,Picumnus innominatus,3,0.2433
Glaucidium passerinum,Picumnus limae,3,0.3563
Glaucidium passerinum,Picumnus olivaceus,3,-0.1168
Glaucidium passerinum,Picumnus temminckii,3,-0.2046
Glaucidium passerinum,Pinicola enucleator,3,0.2111
Glaucidium passerinum,Poecile atricapillus,3,-0.295
Glaucidium passerinum,Poecile carolinensis,3,0.2942
Glaucidium passerinum,Poecile gambeli,3,-0.5022
Glaucidium passerinum,Pyrrhula pyrrhula,3,0.4507
Glaucidium passerinum,Rhodopechys sanguineus,3,-0.5107
Glaucidium passerinum,Veniliornis passerinus,3,-0.0817
Glaucidium perlatum,Hesperiphona vespertina,3,-0.1547
Glaucidium perlatum,Jynx torquilla,3,0.1713
Glaucidium perlatum,Lophophanes cristatus,3,-0.1815
Glaucidium perlatum,Melanerpes cruentatus,3,0.2841
Glaucidium perlatum,Ninox connivens,2,0.134
Glaucidium perlatum,Pardaliparus venustulus,3,0.076
Glaucidium perlatum,Periparus ater,3,-0.4636
Glaucidium perlatum,Phylloscopus armandii,3,-0.6182
Glaucidium perlatum,Phylloscopus bonelli,3,-0.6248
Glaucidium perlatum,Phylloscopus collybita,3,-0.2295
Glaucidium perlatum,Phylloscopus humei,3,-0.2317
Glaucidium perlatum,Phylloscopus inornatus,3,-0.2302
Glaucidium perlatum,Phylloscopus proregulus,3,-0.3091
Glaucidium perlatum,Phylloscopus pulcher,3,-0.2066
Glaucidium perlatum,Phylloscopus sibilatrix,3,-0.2982
Glaucidium perlatum,Phylloscopus trochilus,3,-0.3914
Glaucidium perlatum,Phylloscopus yunnanensis,3,-0.2745
Glaucidium perlatum,Picumnus albosquamatus,3,0.1561
Glaucidium perlatum,Picumnus cirratus,3,0.2908
Glaucidium perlatum,Picumnus innominatus,3,0.0189
Glaucidium perlatum,Picumnus limae,3,-0.0142
Glaucidium perlatum,Picumnus olivaceus,3,-0.2967
Glaucidium perlatum,Picumnus temminckii,3,0.1044
Glaucidium perlatum,Pinicola enucleator,3,0.2052
Glaucidium perlatum,Poecile atricapillus,3,0.1549
Glaucidium perlatum,Poecile carolinensis,3,0.5221
Glaucidium perlatum,Poecile gambeli,3,-0.2702
Glaucidium perlatum,Pyrrhula pyrrhula,3,0.2083
Glaucidium perlatum,Rhodopechys sanguineus,3,-0.2562
Glaucidium perlatum,Veniliornis passerinus,3,0.1172
Hesperiphona vespertina,Jynx torquilla,3,0.1998
Hesperiphona vespertina,Lophophanes cristatus,3,0.4266
Hesperiphona vespertina,Melanerpes cruentatus,3,-0.1746
Hesperiphona vespertina,Ninox connivens,3,-0.4339
Hesperiphona vespertina,Pardaliparus venustulus,3,0.1789
Hesperiphona vespertina,Periparus ater,3,0.403
Hesperiphona vespertina,Phylloscopus armandii,3,0.1454
Hesperiphona vespertina,Phylloscopus bonelli,3,0.204
Hesperiphona vespertina,Phylloscopus collybita,3,0.44
Hesperiphona vespertina,Phylloscopus humei,3,-0.1254
Hesperiphona vespertina,Phylloscopus inornatus,3,-0.1183
Hesperiphona vespertina,Phylloscopus proregulus,3,0.3954
Hesperiphona vespertina,Phylloscopus pulcher,3,-0.1823
Hesperiphona vespertina,Phylloscopus sibilatrix,3,0.3724
Hesperiphona vespertina,Phylloscopus trochilus,3,0.5668
Hesperiphona vespertina,Phylloscopus yunnanensis,3,0.4784
Hesperiphona vespertina,Picumnus albosquamatus,3,-0.368
Hesperiphona vespertina,Picumnus cirratus,3,-0.3086
Hesperiphona vespertina,Picumnus innominatus,3,0.3556
Hesperiphona vespertina,Picumnus limae,3,-0.1974
Hesperiphona vespertina,Picumnus olivaceus,3,-0.0804
Hesperiphona vespertina,Picumnus temminckii,3,-0.1644
Hesperiphona vespertina,Pinicola enucleator,2,0.5345
Hesperiphona vespertina,Poecile atricapillus,3,-0.0425
Hesperiphona vespertina,Poecile carolinensis,3,0.1339
Hesperiphona vespertina,Poecile gambeli,3,-0.0162
Hesperiphona vespertina,Pyrrhula pyrrhula,2,0.3096
Hesperiphona vespertina,Rhodopechys sanguineus,2,0.0441
Hesperiphona vespertina,Veniliornis passerinus,3,-0.2035
Jynx torquilla,Lophophanes cristatus,3,0.0071
Jynx torquilla,Melanerpes cruentatus,2,0.2399
Jynx torquilla,Ninox connivens,3,0.0683
Jynx torquilla,Pardaliparus venustulus,3,0.6921
Jynx torquilla,Periparus ater,3,0.1788
Jynx torquilla,Phylloscopus armandii,3,0.1256
Jynx torquilla,Phylloscopus bonelli,3,-0.2616
Jynx torquilla,Phylloscopus collybita,3,0.2133
Jynx torquilla,Phylloscopus humei,3,-0.3928
Jynx torquilla,Phylloscopus inornatus,3,-0.6429
Jynx torquilla,Phylloscopus proregulus,3,-0.0487
Jynx torquilla,Phylloscopus pulcher,3,0.2327
Jynx torquilla,Phylloscopus sibilatrix,3,0.2495
Jynx torquilla,Phylloscopus trochilus,3,-0.053
Jynx torquilla,Phylloscopus yunnanensis,3,0.1755
Jynx torquilla,Picumnus albosquamatus,2,0.5139
Jynx torquilla,Picumnus cirratus,2,0.2715
Jynx torquilla,Picumnus innominatus,2,-0.5748
Jynx torquilla,Picumnus limae,2,-0.1583
Jynx torquilla,Picumnus olivaceus,2,-0.0606
Jynx torquilla,Picumnus temminckii,2,-0.1056
Jynx torquilla,Pinicola enucleator,3,0.2862
Jynx torquilla,Poecile atricapillus,3,0.0535
Jynx torquilla,Poecile carolinensis,3,-0.3767
Jynx torquilla,Poecile gambeli,3,-0.1166
Jynx torquilla,Pyrrhula pyrrhula,3,-0.3393
Jynx torquilla,Rhodopechys sanguineus,3,-0.3603
Jynx torquilla,Veniliornis passerinus,2,0.6885
Lophophanes cristatus,Melanerpes cruentatus,3,-0.1825
Lophophanes cristatus,Ninox connivens,3,-0.6093
Lophophanes cristatus,Pardaliparus venustulus,2,0.1613
Lophophanes cristatus,Periparus ater,2,0.7417
Lophophanes cristatus,Phylloscopus armandii,3,0.2129
Lophophanes cristatus,Phylloscopus bonelli,3,0.1729
Lophophanes cristatus,Phylloscopus collybita,3,0.8934
Lophophanes cristatus,Phylloscopus humei,3,-0.2075
Lophophanes cristatus,Phylloscopus inornatus,3,0.0089
Lophophanes cristatus,Phylloscopus proregulus,3,0.2688
Lophophanes cristatus,Phylloscopus pulcher,3,0.2626
Lophophanes cristatus,Phylloscopus sibilatrix,3,0.791
Lophophanes cristatus,Phylloscopus trochilus,3,0.5172
Lophophanes cristatus,Phylloscopus yunnanensis,3,0.0317
Lophophanes cristatus,Picumnus albosquamatus,3,-0.29
Lophophanes cristatus,Picumnus cirratus,3,-0.4991
Lophophanes cristatus,Picumnus innominatus,3,0.2305
Lophophanes cristatus,Picumnus limae,3,0.367
Lophophanes cristatus,Picumnus olivaceus,3,0.183
Lophophanes cristatus,Picumnus temminckii,3,-0.3668
Lophophanes cristatus,Pinicola enucleator,3,0.3922
Lophophanes cristatus,Poecile atricapillus,2,-0.6357
Lophophanes cristatus,Poecile carolinensis,2,-0.1074
Lophophanes cristatus,Poecile gambeli,2,-0.4966
Lophophanes cristatus,Pyrrhula pyrrhula,3,0.4263
Lophophanes cristatus,Rhodopechys sanguineus,3,-0.6027
Lophophanes cristatus,Veniliornis passerinus,3,-0.1263
Melanerpes cruentatus,Ninox connivens,3,0.2037
Melanerpes cruentatus,Pardaliparus venustulus,3,0.5684
Melanerpes cruentatus,Periparus ater,3,-0.5269
Melanerpes cruentatus,Phylloscopus armandii,3,-0.5394
Melanerpes cruentatus,Phylloscopus bonelli,3,-0.8134
Melanerpes cruentatus,Phylloscopus collybita,3,-0.2279
Melanerpes cruentatus,Phylloscopus humei,3,-0.3448
Melanerpes cruentatus,Phylloscopus inornatus,3,-0.6726
Melanerpes cruentatus,Phylloscopus proregulus,3,-0.4583
Melanerpes cruentatus,Phylloscopus pulcher,3,0.2568
Melanerpes cruentatus,Phylloscopus sibilatrix,3,0.1178
Melanerpes cruentatus,Phylloscopus trochilus,3,-0.754
Melanerpes cruentatus,Phylloscopus yunnanensis,3,-0.2078
Melanerpes cruentatus,Picumnus albosquamatus,2,0.7549
Melanerpes cruentatus,Picumnus cirratus,2,0.4224
Melanerpes cruentatus,Picumnus innominatus,2,-0.4308
Melanerpes cruentatus,Picumnus limae,2,-0.1707
Melanerpes cruentatus,Picumnus olivaceus,2,-0.1295
Melanerpes cruentatus,Picumnus temminckii,2,0.0212
Melanerpes cruentatus,Pinicola enucleator,3,0.2873
Melanerpes cruentatus,Poecile atricapillus,3,0.0312
Melanerpes cruentatus,Poecile carolinensis,3,0.3226
Melanerpes cruentatus,Poecile gambeli,3,-0.2853
Melanerpes cruentatus,Pyrrhula pyrrhula,3,0.0599
Melanerpes cruentatus,Rhodopechys sanguineus,3,-0.3354
Melanerpes cruentatus,Veniliornis passerinus,2,0.6883
Ninox connivens,Pardaliparus venustulus,3,-0.2082
Ninox connivens,Periparus ater,3,-0.5226
Ninox connivens,Phylloscopus armandii,3,-0.546
Ninox connivens,Phylloscopus bonelli,3,-0.3954
Ninox connivens,Phylloscopus collybita,3,-0.5256
Ninox connivens,Phylloscopus humei,3,-0.4875
Ninox connivens,Phylloscopus inornatus,3,-0.2168
Ninox connivens,Phylloscopus proregulus,3,-0.0884
Ninox connivens,Phylloscopus pulcher,3,-0.321
Ninox connivens,Phylloscopus sibilatrix,3,-0.6836
Ninox connivens,Phylloscopus trochilus,3,-0.5318
Ninox connivens,Phylloscopus yunnanensis,3,-0.383
Ninox connivens,Picumnus albosquamatus,3,0.4292
Ninox connivens,Picumnus cirratus,3,0.7322
Ninox connivens,Picumnus innominatus,3,-0.5413
Ninox connivens,Picumnus limae,3,0.0549
Ninox connivens,Picumnus olivaceus,3,-0.6391
Ninox connivens,Picumnus temminckii,3,-0.1777
Ninox connivens,Pinicola enucleator,3,-0.341
Ninox connivens,Poecile atricapillus,3,0.322
Ninox connivens,Poecile carolinensis,3,-0.3056
Ninox connivens,Poecile gambeli,3,-0.0426
Ninox connivens,Pyrrhula pyrrhula,3,-0.5253
Ninox connivens,Rhodopechys sanguineus,3,0.033
Ninox connivens,Veniliornis passerinus,3,0.3648
Pardaliparus venustulus,Periparus ater,2,0.1123
Pardaliparus venustulus,Phylloscopus armandii,3,0.1481
Pardaliparus venustulus,Phylloscopus bonelli,3,-0.3746
Pardaliparus venustulus,Phylloscopus collybita,3,0.28
Pardaliparus venustulus,Phylloscopus humei,3,-0.2182
Pardaliparus venustulus,Phylloscopus inornatus,3,-0.6361
Pardaliparus venustulus,Phylloscopus proregulus,3,-0.0282
Pardaliparus venustulus,Phylloscopus pulcher,3,0.1662
Pardaliparus venustulus,Phylloscopus sibilatrix,3,0.3942
Pardaliparus venustulus,Phylloscopus trochilus,3,-0.1592
Pardaliparus venustulus,Phylloscopus yunnanensis,3,-0.0538
Pardaliparus venustulus,Picumnus albosquamatus,3,0.6558
Pardaliparus venustulus,Picumnus cirratus,3,0.2902
Pardaliparus venustulus,Picumnus innominatus,3,-0.4428
Pardaliparus venustulus,Picumnus limae,3,0.0646
Pardaliparus venustulus,Picumnus olivaceus,3,0.0299
Pardaliparus venustulus,Picumnus temminckii,3,-0.1014
Pardaliparus venustulus,Pinicola enucleator,3,0.4125
Pardaliparus venustulus,Poecile atricapillus,2,0.1805
Pardaliparus venustulus,Poecile carolinensis,2,-0.0036
Pardaliparus venustulus,Poecile gambeli,2,0.0092
Pardaliparus venustulus,Pyrrhula pyrrhula,3,-0.0828
Pardaliparus venustulus,Rhodopechys sanguineus,3,-0.3894
Pardaliparus venustulus,Veniliornis passerinus,3,0.7546
Periparus ater,Phylloscopus armandii,3,0.597
Periparus ater,Phylloscopus bonelli,3,0.6191
Periparus ater,Phylloscopus collybita,3,0.7993
Periparus ater,Phylloscopus humei,3,0.1154
Periparus ater,Phylloscopus inornatus,3,0.2778
Periparus ater,Phylloscopus proregulus,3,0.653
Periparus ater,Phylloscopus pulcher,3,0.2693
Periparus ater,Phylloscopus sibilatrix,3,0.6521
Periparus ater,Phylloscopus trochilus,3,0.7029
Periparus ater,Phylloscopus yunnanensis,3,0.3449
Periparus ater,Picumnus albosquamatus,3,-0.325
Periparus ater,Picumnus cirratus,3,-0.4907
Periparus ater,Picumnus innominatus,3,0.0439
Periparus ater,Picumnus limae,3,0.2592
Periparus ater,Picumnus olivaceus,3,0.3594
Periparus ater,Picumnus temminckii,3,-0.0828
Periparus ater,Pinicola enucleator,3,-0.0462
Periparus ater,Poecile atricapillus,2,-0.3731
Periparus ater,Poecile carolinensis,2,-0.4697
Periparus ater,Poecile gambeli,2,-0.0543
Periparus ater,Pyrrhula pyrrhula,3,-0.1262
Periparus ater,Rhodopechys sanguineus,3,-0.3092
Periparus ater,Veniliornis passerinus,3,-0.2234
Phylloscopus armandii,Phylloscopus bonelli,1,0.7704
Phylloscopus armandii,Phylloscopus collybita,1,0.2929
Phylloscopus armandii,Phylloscopus humei,1,0.5376
Phylloscopus armandii,Phylloscopus inornatus,1,0.2859
Phylloscopus armandii,Phylloscopus proregulus,1,0.2183
Phylloscopus armandii,Phylloscopus pulcher,1,0.1624
Phylloscopus armandii,Phylloscopus sibilatrix,1,0.3212
Phylloscopus armandii,Phylloscopus trochilus,1,0.6455
Phylloscopus armandii,Phylloscopus yunnanensis,1,0.3154
Phylloscopus armandii,Picumnus albosquamatus,3,-0.2634
Phylloscopus armandii,Picumnus cirratus,3,-0.4285
Phylloscopus armandii,Picumnus innominatus,3,0.1207
Phylloscopus armandii,Picumnus limae,3,0.0135
Phylloscopus armandii,Picumnus olivaceus,3,0.5455
Phylloscopus armandii,Picumnus temminckii,3,0.1003
Phylloscopus armandii,Pinicola enucleator,3,-0.0523
Phylloscopus armandii,Poecile atricapillus,3,0.0282
Phylloscopus armandii,Poecile carolinensis,3,-0.3382
Phylloscopus armandii,Poecile gambeli,3,0.5128
Phylloscopus armandii,Pyrrhula pyrrhula,3,-0.1052
Phylloscopus armandii,Rhodopechys sanguineus,3,0.3058
Phylloscopus armandii,Veniliornis passerinus,3,-0.1852
Phylloscopus bonelli,Phylloscopus collybita,1,0.2212
Phylloscopus bonelli,Phylloscopus humei,1,0.6108
Phylloscopus bonelli,Phylloscopus inornatus,1,0.7164
Phylloscopus bonelli,Phylloscopus proregulus,1,0.5288
Phylloscopus bonelli,Phylloscopus pulcher,1,-0.0066
Phylloscopus bonelli,Phylloscopus sibilatrix,1,0.1163
Phylloscopus bonelli,Phylloscopus trochilus,1,0.7176
Phylloscopus bonelli,Phylloscopus yunnanensis,1,0.4877
Phylloscopus bonelli,Picumnus albosquamatus,3,-0.6318
Phylloscopus bonelli,Picumnus cirratus,3,-0.5669
Phylloscopus bonelli,Picumnus innominatus,3,0.3715
Phylloscopus bonelli,Picumnus limae,3,-0.0
Phylloscopus bonelli,Picumnus olivaceus,3,0.444
Phylloscopus bonelli,Picumnus temminckii,3,0.219
Phylloscopus bonelli,Pinicola enucleator,3,-0.3985
Phylloscopus bonelli,Poecile atricapillus,3,-0.0608
Phylloscopus bonelli,Poecile carolinensis,3,-0.326
Phylloscopus bonelli,Poecile gambeli,3,0.4421
Phylloscopus bonelli,Pyrrhula pyrrhula,3,-0.1421
Phylloscopus bonelli,Rhodopechys sanguineus,3,0.4955
Phylloscopus bonelli,Veniliornis passerinus,3,-0.6481
Phylloscopus collybita,Phylloscopus humei,1,-0.212
Phylloscopus collybita,Phylloscopus inornatus,1,0.0479
Phylloscopus collybita,Phylloscopus proregulus,1,0.4314
Phylloscopus collybita,Phylloscopus pulcher,1,0.2414
Phylloscopus collybita,Phylloscopus sibilatrix,1,0.7177
Phylloscopus collybita,Phylloscopus trochilus,1,0.5842
Phylloscopus collybita,Phylloscopus yunnanensis,1,0.091
Phylloscopus collybita,Picumnus albosquamatus,3,-0.2196
Phylloscopus collybita,Picumnus cirratus,3,-0.3948
Phylloscopus collybita,Picumnus innominatus,3,0.2034
Phylloscopus collybita,Picumnus limae,3,0.3786
Phylloscopus collybita,Picumnus olivaceus,3,0.1277
Phylloscopus collybita,Picumnus temminckii,3,-0.499
Phylloscopus collybita,Pinicola enucleator,3,0.2043
Phylloscopus collybita,Poecile atricapillus,3,-0.5743
Phylloscopus collybita,Poecile carolinensis,3,-0.3639
Phylloscopus collybita,Poecile gambeli,3,-0.4743
Phylloscopus collybita,Pyrrhula pyrrhula,3,0.1338
Phylloscopus collybita,Rhodopechys sanguineus,3,-0.6177
Phylloscopus collybita,Veniliornis passerinus,3,0.0301
Phylloscopus humei,Phylloscopus inornatus,1,0.7009
Phylloscopus humei,Phylloscopus proregulus,1,0.1616
Phylloscopus humei,Phylloscopus pulcher,1,0.1814
Phylloscopus humei,Phylloscopus sibilatrix,1,0.0074
Phylloscopus humei,Phylloscopus trochilus,1,0.1959
Phylloscopus humei,Phylloscopus yunnanensis,1,0.3006
Phylloscopus humei,Picumnus albosquamatus,3,-0.3049
Phylloscopus humei,Picumnus cirratus,3,-0.357
Phylloscopus humei,Picumnus innominatus,3,0.4145
Phylloscopus humei,Picumnus limae,3,-0.0837
Phylloscopus humei,Picumnus olivaceus,3,0.7418
Phylloscopus humei,Picumnus temminckii,3,0.6729
Phylloscopus humei,Pinicola enucleator,3,-0.3959
Phylloscopus humei,Poecile atricapillus,3,0.1378
Phylloscopus humei,Poecile carolinensis,3,0.2256
Phylloscopus humei,Poecile gambeli,3,0.5744
Phylloscopus humei,Pyrrhula pyrrhula,3,-0.0341
Phylloscopus humei,Rhodopechys sanguineus,3,0.6154
Phylloscopus humei,Veniliornis passerinus,3,-0.5261
Phylloscopus inornatus,Phylloscopus proregulus,1,0.4969
Phylloscopus inornatus,Phylloscopus pulcher,1,-0.0769
Phylloscopus inornatus,Phylloscopus sibilatrix,1,-0.1492
Phylloscopus inornatus,Phylloscopus trochilus,1,0.3893
Phylloscopus inornatus,Phylloscopus yunnanensis,1,0.1245
Phylloscopus inornatus,Picumnus albosquamatus,3,-0.5919
Phylloscopus inornatus,Picumnus cirratus,3,-0.3413
Phylloscopus inornatus,Picumnus innominatus,3,0.5846
Phylloscopus inornatus,Picumnus limae,3,0.2566
Phylloscopus inornatus,Picumnus olivaceus,3,0.3765
Phylloscopus inornatus,Picumnus temminckii,3,0.2829
Phylloscopus inornatus,Pinicola enucleator,3,-0.6465
Phylloscopus inornatus,Poecile atricapillus,3,-0.0959
Phylloscopus inornatus,Poecile carolinensis,3,-0.0517
Phylloscopus inornatus,Poecile gambeli,3,0.2238
Phylloscopus inornatus,Pyrrhula pyrrhula,3,-0.1072
Phylloscopus inornatus,Rhodopechys sanguineus,3,0.432
Phylloscopus inornatus,Veniliornis passerinus,3,-0.7468
Phylloscopus proregulus,Phylloscopus pulcher,1,-0.2403
Phylloscopus proregulus,Phylloscopus sibilatrix,1,0.075
Phylloscopus proregulus,Phylloscopus trochilus,1,0.4796
Phylloscopus proregulus,Phylloscopus yunnanensis,1,0.2572
Phylloscopus proregulus,Picumnus albosquamatus,3,-0.2564
Phylloscopus proregulus,Picumnus cirratus,3,-0.0641
Phylloscopus proregulus,Picumnus innominatus,3,0.0838
Phylloscopus proregulus,Picumnus limae,3,0.308
Phylloscopus proregulus,Picumnus olivaceus,3,-0.0248
Phylloscopus proregulus,Picumnus temminckii,3,0.0261
Phylloscopus proregulus,Pinicola enucleator,3,-0.4045
Phylloscopus proregulus,Poecile atricapillus,3,0.125
Phylloscopus proregulus,Poecile carolinensis,3,-0.3072
Phylloscopus proregulus,Poecile gambeli,3,0.1938
Phylloscopus proregulus,Pyrrhula pyrrhula,3,-0.4246
Phylloscopus proregulus,Rhodopechys sanguineus,3,0.0081
Phylloscopus proregulus,Veniliornis passerinus,3,-0.2945
Phylloscopus pulcher,Phylloscopus sibilatrix,1,0.7167
Phylloscopus pulcher,Phylloscopus trochilus,1,-0.219
Phylloscopus pulcher,Phylloscopus yunnanensis,1,0.2642
Phylloscopus pulcher,Picumnus albosquamatus,3,0.2622
Phylloscopus pulcher,Picumnus cirratus,3,-0.2983
Phylloscopus pulcher,Picumnus innominatus,3,-0.2164
Phylloscopus pulcher,Picumnus limae,3,-0.0915
Phylloscopus pulcher,Picumnus olivaceus,3,0.7464
Phylloscopus pulcher,Picumnus temminckii,3,0.2993
Phylloscopus pulcher,Pinicola enucleator,3,-0.0378
Phylloscopus pulcher,Poecile atricapillus,3,-0.6933
Phylloscopus pulcher,Poecile carolinensis,3,-0.2602
Phylloscopus pulcher,Poecile gambeli,3,-0.4011
Phylloscopus pulcher,Pyrrhula pyrrhula,3,-0.0102
Phylloscopus pulcher,Rhodopechys sanguineus,3,-0.3171
Phylloscopus pulcher,Veniliornis passerinus,3,0.2145
Phylloscopus sibilatrix,Phylloscopus trochilus,1,0.2511
Phylloscopus sibilatrix,Phylloscopus yunnanensis,1,0.2819
Phylloscopus sibilatrix,Picumnus albosquamatus,3,0.0273
Phylloscopus sibilatrix,Picumnus cirratus,3,-0.4786
Phylloscopus sibilatrix,Picumnus innominatus,3,0.0151
Phylloscopus sibilatrix,Picumnus limae,3,0.0926
Phylloscopus sibilatrix,Picumnus olivaceus,3,0.5779
Phylloscopus sibilatrix,Picumnus temminckii,3,-0.0153
Phylloscopus sibilatrix,Pinicola enucleator,3,0.3828
Phylloscopus sibilatrix,Poecile atricapillus,3,-0.6915
Phylloscopus sibilatrix,Poecile carolinensis,3,-0.1339
Phylloscopus sibilatrix,Poecile gambeli,3,-0.4277
Phylloscopus sibilatrix,Pyrrhula pyrrhula,3,0.2999
Phylloscopus sibilatrix,Rhodopechys sanguineus,3,-0.486
Phylloscopus sibilatrix,Veniliornis passerinus,3,0.1101
Phylloscopus trochilus,Phylloscopus yunnanensis,1,0.3018
Phylloscopus trochilus,Picumnus albosquamatus,3,-0.7029
Phylloscopus trochilus,Picumnus cirratus,3,-0.5552
Phylloscopus trochilus,Picumnus innominatus,3,0.511
Phylloscopus trochilus,Picumnus limae,3,0.0346
Phylloscopus trochilus,Picumnus olivaceus,3,0.0839
Phylloscopus trochilus,Picumnus temminckii,3,-0.3028
Phylloscopus trochilus,Pinicola enucleator,3,0.1158
Phylloscopus trochilus,Poecile atricapillus,3,-0.1049
Phylloscopus trochilus,Poecile carolinensis,3,-0.1888
Phylloscopus trochilus,Poecile gambeli,3,0.183
Phylloscopus trochilus,Pyrrhula pyrrhula,3,0.0848
Phylloscopus trochilus,Rhodopechys sanguineus,3,0.0878
Phylloscopus trochilus,Veniliornis passerinus,3,-0.5076
Phylloscopus yunnanensis,Picumnus albosquamatus,3,-0.4064
Phylloscopus yunnanensis,Picumnus cirratus,3,-0.6494
Phylloscopus yunnanensis,Picumnus innominatus,3,0.1416
Phylloscopus yunnanensis,Picumnus limae,3,-0.6995
Phylloscopus yunnanensis,Picumnus olivaceus,3,0.3503
Phylloscopus yunnanensis,Picumnus temminckii,3,0.4297
Phylloscopus yunnanensis,Pinicola enucleator,3,-0.1308
Phylloscopus yunnanensis,Poecile atricapillus,3,-0.1152
Phylloscopus yunnanensis,Poecile carolinensis,3,-0.0604
Phylloscopus yunnanensis,Poecile gambeli,3,0.1983
Phylloscopus yunnanensis,Pyrrhula pyrrhula,3,-0.0539
Phylloscopus yunnanensis,Rhodopechys sanguineus,3,0.2894
Phylloscopus yunnanensis,Veniliornis passerinus,3,-0.3746
Picumnus albosquamatus,Picumnus cirratus,1,0.7588
Picumnus albosquamatus,Picumnus innominatus,1,-0.7652
Picumnus albosquamatus,Picumnus limae,1,0.1788
Picumnus albosquamatus,Picumnus olivaceus,1,-0.0653
Picumnus albosquamatus,Picumnus temminckii,1,0.0324
Picumnus albosquamatus,Pinicola enucleator,3,0.0743
Picumnus albosquamatus,Poecile atricapillus,3,0.1716
Picumnus albosquamatus,Poecile carolinensis,3,-0.1322
Picumnus albosquamatus,Poecile gambeli,3,-0.1217
Picumnus albosquamatus,Pyrrhula pyrrhula,3,-0.3716
Picumnus albosquamatus,Rhodopechys sanguineus,3,-0.3042
Picumnus albosquamatus,Veniliornis passerinus,2,0.9027
Picumnus cirratus,Picumnus innominatus,1,-0.5346
Picumnus cirratus,Picumnus limae,1,0.367
Picumnus cirratus,Picumnus olivaceus,1,-0.4635
Picumnus cirratus,Picumnus temminckii,1,-0.1428
Picumnus cirratus,Pinicola enucleator,3,-0.0257
Picumnus cirratus,Poecile atricapillus,3,0.469
Picumnus cirratus,Poecile carolinensis,3,-0.0845
Picumnus cirratus,Poecile gambeli,3,0.0203
Picumnus cirratus,Pyrrhula pyrrhula,3,-0.4229
Picumnus cirratus,Rhodopechys sanguineus,3,-0.0549
Picumnus cirratus,Veniliornis passerinus,2,0.6586
Picumnus innominatus,Picumnus limae,1,0.008
Picumnus innominatus,Picumnus olivaceus,1,0.1657
Picumnus innominatus,Picumnus temminckii,1,-0.0893
Picumnus innominatus,Pinicola enucleator,3,0.0827
Picumnus innominatus,Poecile atricapillus,3,-0.2121
Picumnus innominatus,Poecile carolinensis,3,0.3956
Picumnus innominatus,Poecile gambeli,3,-0.0316
Picumnus innominatus,Pyrrhula pyrrhula,3,0.5671
Picumnus innominatus,Rhodopechys sanguineus,3,0.3348
Picumnus innominatus,Veniliornis passerinus,2,-0.693
Picumnus limae,Picumnus olivaceus,1,-0.0084
Picumnus limae,Picumnus temminckii,1,-0.3092
Picumnus limae,Pinicola enucleator,3,-0.0695
Picumnus limae,Poecile atricapillus,3,-0.1533
Picumnus limae,Poecile carolinensis,3,-0.2525
Picumnus limae,Poecile gambeli,3,-0.248
Picumnus limae,Pyrrhula pyrrhula,3,0.011
Picumnus limae,Rhodopechys sanguineus,3,-0.2956
Picumnus limae,Veniliornis passerinus,2,0.1525
Picumnus olivaceus,Picumnus temminckii,1,0.6006
Picumnus olivaceus,Pinicola enucleator,3,-0.1317
Picumnus olivaceus,Poecile atricapillus,3,-0.3979
Picumnus olivaceus,Poecile carolinensis,3,-0.0173
Picumnus olivaceus,Poecile gambeli,3,0.096
Picumnus olivaceus,Pyrrhula pyrrhula,3,0.1061
Picumnus olivaceus,Rhodopechys sanguineus,3,0.1802
Picumnus olivaceus,Veniliornis passerinus,2,-0.214
Picumnus temminckii,Pinicola enucleator,3,-0.2998
Picumnus temminckii,Poecile atricapillus,3,0.1984
Picumnus temminckii,Poecile carolinensis,3,0.3339
Picumnus temminckii,Poecile gambeli,3,0.4315
Picumnus temminckii,Pyrrhula pyrrhula,3,-0.0817
Picumnus temminckii,Rhodopechys sanguineus,3,0.461
Picumnus temminckii,Veniliornis passerinus,2,-0.3086
Pinicola enucleator,Poecile atricapillus,3,-0.0843
Pinicola enucleator,Poecile carolinensis,3,0.4048
Pinicola enucleator,Poecile gambeli,3,-0.2223
Pinicola enucleator,Pyrrhula pyrrhula,2,0.6669
Pinicola enucleator,Rhodopechys sanguineus,2,-0.2468
Pinicola enucleator,Veniliornis passerinus,3,0.238
Poecile atricapillus,Poecile carolinensis,1,0.2859
Poecile atricapillus,Poecile gambeli,1,0.8014
Poecile atricapillus,Pyrrhula pyrrhula,3,-0.3279
Poecile atricapillus,Rhodopechys sanguineus,3,0.4551
Poecile atricapillus,Veniliornis passerinus,3,0.0681
Poecile carolinensis,Poecile gambeli,1,0.1585
Poecile carolinensis,Pyrrhula pyrrhula,3,0.5956
Poecile carolinensis,Rhodopechys sanguineus,3,0.1938
Poecile carolinensis,Veniliornis passerinus,3,-0.2894
Poecile gambeli,Pyrrhula pyrrhula,3,-0.2792
Poecile gambeli,Rhodopechys sanguineus,3,0.6905
Poecile gambeli,Veniliornis passerinus,3,-0.2545
Pyrrhula pyrrhula,Rhodopechys sanguineus,2,-0.0013
Pyrrhula pyrrhula,Veniliornis passerinus,3,-0.2957
Rhodopechys sanguineus,Veniliornis passerinus,3,-0.4567
